TAG,FR,EN,DE,IT,ES
Hyperplan,Hyperplan,Hyperplan,Hyperplan,Hyperplan,Hyperplan
Bienvenue sur,Bienvenue sur,Welcome to,Willkommen bei,Benvenuti a,Bienvenido a Hyperplan
Veuillez saisir vos identifiants,Veuillez saisir vos identifiants,Please enter your credentials,Bitte geben Sie Ihre Anmeldedaten ein,Inserire le proprie credenziali,"Por favor, introduce tus credenciales"
Une question ? Envoyez nous un mail à,Une question ? Envoyez nous un mail à,A question ? Send us an email at,Eine Frage? Schicken Sie uns eine E-Mail an,Una domanda? Inviateci un'e-mail a,¿ Alguna pregunta? Envíenos un correo electrónico a
Nom d'utilisateur (Prénom NOM),Nom d'utilisateur (Prénom NOM),Username (Firstname LASTNAME),Benutzername (Vorname NACHNAME),Nome utente (Nome COGNOME),Nombre de usuario (Nombre APELLIDO)
Nom d'utilisateur,Nom d'utilisateur,Username,Benutzername,Nome utente,Nombre de usuario
Mot de passe,Mot de passe,Password,Kennwort,Password,Contraseña
Se connecter,Se connecter,Log in,Anmelden,Log in,Conectarse
Se déconnecter,Se déconnecter,Log out,Abmelden,Log out,Cerrar sesión
Annuler,Annuler,Cancel,Abbrechen,Annulla,Cancelar
Sauvegarder,Sauvegarder,Save,Speichern,Salva,Guardar
Fermer,Fermer,Close,Schließen,Chiudere,Cerrar
Colza,Colza,Rapeseed,Raps,Colza,Colza
Maïs,Maïs,Maize,Mais,Mais,Maíz
Tournesol,Tournesol,Sunflower,Sonnenblume,Girasole,Girasol
Pois,Pois,Peas,Erbsen,Piselli,Guisantes
Betterave,Betterave,Beet,Rübe,Barbabietola,Remolacha
Luzerne,Luzerne,Alfalfa,Alfalfa,Alfalfa,Alfalfa
Vigne,Vignes,Vineyards,Weinberge,Vigneti,Viñedos
Triticale,Triticale,Triticale,Triticale,Triticale,Triticale
Autres légumes,Autres légumes,Other vegetables,Sonstiges Gemüse,Altre verdure,Otras hortalizas
Autres céréales,Autres céréales,Other cereals,Andere Getreidearten,Altri cereali,Otros cereales
Pomme de terre,Pomme de terre,Potato,Kartoffel,Patata,Patata
Soja,Soja,Soy,Soja,Soia,Soja
Haricots / flageolets,Haricots,Beans,Bohnen,Fagioli,Judías
Chanvre,Chanvre,Hemp,Hanf,Canapa,Cáñamo
Seigle,Seigle,Rye,Roggen,Segale,Centeno
Lin,Lin,Linen,Leinen,Lino,Lino
Orge d'hiver,Orge d'hiver,Winter barley,Wintergerste,Orzo  invernale,Cebada de invierno
Orge de printemps,Orge de printemps,Spring barley,Sommergerste,Orzo  primaverile,Cebada de primavera
Blé d'hiver,Blé d'hiver,Winter wheat,Winterweizen,Grano invernale,Trigo de invierno
Blé de printemps,Blé de printemps,Spring Wheat,Sommerweizen,Grano primaverile,Trigo de primavera
Prairie,Prairies,Meadows,Wiesen,Prati,Prados
Aromatiques,Aromatiques,Aromatics,Aromaten,Aromi,Aromáticas
Autres fruits,Autres fruits,Other fruits,Andere Früchte,Altri frutti,Otros frutos
Autres protéagineux,Autres protéagineux,Other protein crops,Andere Eiweißpflanzen,Altre colture proteiche,Otras proteaginosas
Choux,Choux,Cabbage,Kohl,Cavoli,Coles
Cucurbitacées,Cucurbitacées,Cucurbits,Kürbisgewächse,Cucurbitacee,Cucurbitáceas
Epinard,Epinard,Spinach,Spinat,Spinaci,Espinacas
Fleurs ornementales,Fleurs ornementales,Ornamental flowers,Zierblumen,Fiori ornamentali,Flores ornamentales
Lavande,Lavande,Lavender,Lavendel,Lavanda,Lavanda
Moutarde,Moutarde,Mustard,Senf,Senape,Mostaza
Oignons et échalottes,Oignons et échalottes,Onions and shallots,Zwiebeln und Schalotten,Cipolle e scalogni,Cebollas y chalotas
Riz,Riz,Rice,Reis,Riso,Arroz
Nombre d'hectares rattachés,Nombre d'hectares rattachés,Related area,Verwandter Bereich,Area correlata,Área relacionada
Silo le plus proche,Silo le plus proche,Closest silo,Nächstes Silo,Silo più vicino,Silo más cercano
Autres,Autres,Others,Andere,Altri,Otros
Section,Section,Section,Abschnitt,Sezione,Sección
Cultures d'intérêt,Cultures d'intérêt,Crops,Kulturen,Colture,Cultivos
Cartographie assolement,Cartographie assolement,Field map,Feldkarte,Mappa del campo,Mapa del campo
Zone,Zone,Zone of,Zone von,Zona di,Zona de
Evolution année,Evolution année,Evolution since,Evolution seit,Evoluzione dal,Evolución desde
Sections,Sections,Sections,Abschnitte,Sezioni,Secciones
Caractéristiques,Caractéristiques,Characteristics,Merkmale,Caratteristiche,Características
Taille,Taille,Size,Größe,Dimensione,Tamaño
Transport,Transport,Transportation,Transport,Trasporto,Transporte
Historique des cultures,Historique des cultures,Crop history,Erntegeschichte,Storia delle colture,Historia de los cultivos
Non référencé,Non référencé,Unknown,Unbekannt,Sconosciuto,Desconocido
Administrateur,Administrateur,Admin,Verwaltung,Admin,Admin
Utilisateur,Utilisateur,User,Benutzer,Utente,Usuario
Mon compte,Mon compte,My account,Mein Konto,Il mio account,Mi cuenta
Prénom,Prénom,First name,Vorname,Nome,Nombre y apellidos
Nom de famille,Nom de famille,Last name,Nachname,Cognome,Apellidos
Nom,Nom,Name,Name,Nome,Nombre
Email,Email,Email,E-Mail,Email,Correo electrónico
Rôle,Rôle,Role,Rolle,Ruolo,Función
Rôles,Rôles,Roles,Rollen,Ruoli,Funciones
Actions,Actions,Actions,Aktionen,Azioni,Acciones
Mes collaborateurs,Mes collaborateurs,My colleagues,Meine Kollegen,I miei colleghi,Mis colegas
Edition d'un utilisateur,Edition d'un utilisateur,User edition,Benutzerausgabe,Edizione utente,Edición de usuario
possibles,possibles,possibles,Möglichkeiten,Possibili,posibles
Créer un nouvel utilisateur,Créer un nouvel utilisateur,Create new user,Neuen Benutzer anlegen,Crea nuovo utente,Crear nuevo usuario
Suppression d'un utilisateur,Suppression d'un utilisateur,User deletion,Benutzerlöschung,Cancellazione dell'utente,Eliminación de usuario
Voulez-vous vraiment supprimer,Voulez-vous vraiment supprimer,Are you sure you want to delete,"Sind Sie sicher, dass Sie löschen wollen",Sei sicuro di voler cancellare,¿Estás seguro de que quieres eliminar
Cette action est irréversible,Cette action est irréversible,You cannot undo this action,Sie können diese Aktion nicht rückgängig machen,Non è possibile annullare questa azione,No puedes deshacer esta acción
Confirmation mot de passe,Confirmation mot de passe,Password confirmation,Passwort-Bestätigung,Conferma della password,Confirmación de contraseña
Champ obligatoire,Champ obligatoire,Field required,Feld erforderlich,Campo richiesto,Campo obligatorio
Format invalide,Format invalide,Invalid format,Ungültiges Format,Formato non valido,Formato no válido
Différence entre les mots de passe,Différence entre les mots de passe,Passwords do not match,Passwörter stimmen nicht überein,Le password non corrispondono,Las contraseñas no coinciden
Changer le mot de passe,Changer le mot de passe,Change password,Passwort ändern,Cambia password,Cambiar contraseña
Mot de passe oublié ?,Mot de passe oublié ?,Forgot your password ?,Haben Sie Ihr Passwort vergessen?,Hai dimenticato la password?,¿Has olvidado tu contraseña?
Un mail de réinitialisation va vous être envoyé,Un mail de réinitialisation va vous être envoyé,A reset email will be sent to you,Eine E-Mail zum Zurücksetzen wird Ihnen zugesandt,Vi verrà inviata un'e-mail di reset,Se te enviará un correo electrónico de restablecimiento
Réinitialiser,Réinitialiser,Reset,Zurücksetzen,Reset,Restablecer
Vous n’avez pas accès à la gestion des autres utilisateurs,Vous n’avez pas accès à la gestion des autres utilisateurs,You do not have access to the user management section,Sie haben keinen Zugang zum Bereich Benutzerverwaltung,Non avete accesso alla sezione di gestione degli utenti,No tienes acceso a la sección de gestión de usuarios
Demandez à un administrateur d'augmenter vos privilèges si vous souhaitez y accéder,Demandez à un administrateur d'augmenter vos privilèges si vous souhaitez y accéder,Ask an administrator to increase your privileges if you want to access it,"Bitten Sie einen Administrator, Ihre Rechte zu erhöhen, wenn Sie darauf zugreifen möchten,",Chiedete a un amministratore di aumentare i vostri privilegi se volete accedervi,Pide a un administrador que aumente tus privilegios si quieres acceder a ella
INSEE,INSEE,INSEE,INSEE,INSEE,INSEE
Tous,Tous,All,Alle,Tutti,Todos
Filtrer par,Filtrer par,Filter by,Filtern nach,Filtrare per,Filtrar por
Département,Département,Department,Abteilung,Dipartimento,Departamento
Région,Région,Region,Region,Regione,Región
Déconnexion,Déconnexion,Logout,Abmelden,Logout,Cerrar sesión
Etes-vous certain de vouloir vous déconnecter ?,Etes-vous certain de vouloir vous déconnecter ?,Are you sure you want to logout ?,"Sind Sie sicher, dass Sie sich abmelden wollen?",Sei sicuro di voler fare il logout?,¿Estás seguro de que quieres desconectarte?
Silos,Silos,Silos,Silos,Silos,Silos
France,France,France,Frankreich,Francia,Francia
Allemagne,Allemagne,Germany,Deutschland,Alemania,Alemania
Italie,Italie,Italy,Italien,Italia,Italia
Espagne,Espagne,Spain,Spanien,España,España
Royaume-Uni,Royaume-Uni,United Kingdom,Vereinigtes Königreich,Reino Unido,Reino Unido
Suivi cultural,Suivi cultural,Crop monitoring,Überwachung der Kulturen,Monitoraggio delle colture,Seguimiento de cultivos
à,à,to,zu,a,a
j,j,d,d,d,d
Total,Total,Total,Gesamt,Totale,Total
Date début,Date début,Date of first,Datum des ersten,Data della prima,Fecha del primer
Stade phénologique,Stade phénologique,Phenologic stages,Phänologische Stadien,Stadi fenologici,Fases fenológicas
Montaison,Montaison,Bolting,Verschraubung,Imbullonatura,Brotación
Floraison,Floraison,Flowering,Blüte,Fioritura,Floración
Maturite,Maturité,Maturity,Reife,Maturità,Madurez
Senescence,Senescence,Senescence,Seneszenz,Senescenza,Senescencia
Tallage,Tallage,Tiller,Pinne,Tiller,Tallo
Mode,Mode,Mode,Modus,Modalità,Modo
probabilité,probabilité,probability,Wahrscheinlichkeit,probabilità,probabilidad
Parcelle hors zone,Parcelle hors zone,Parcel out of scope,Paket außerhalb des Geltungsbereichs,Pacco fuori portata,Parcela fuera de alcance
Rechercher une adresse,Rechercher une adresse,Find address,Adresse finden,Trova indirizzo,Encontrar dirección
Personnalisée,Personnalisée,Custom,Benutzerdefiniert,Personalizzato,Personalizar
Dessiner une nouvelle zone,Dessiner une nouvelle zone,Draw new zone,Neue Zone zeichnen,Disegna una nuova zona,Dibujar nueva zona
Sélection personnalisée,Sélection personnalisée,Custom selection,Benutzerdefinierte Auswahl,Selezione personalizzata,Selección personalizada
Modifier la zone selectionnée,Modifier la zone selectionnée,Edit selected zone,Ausgewählte Zone bearbeiten,Modifica la zona selezionata,Editar zona seleccionada
Zone personnalisée,Zone personnalisée,Custom zone,Benutzerdefinierte Zone,Zona personalizzata,Personalizar zona
Prévisionnel récolte,Prévisionnel récolte,Collect forecast,Prognose sammeln,Previsione di incasso,Recoger previsión
Culture,Culture,Crop,Ernte,Colture,Cultivo
Parts de marché (%),Parts de marché (%),Market shares (%),Marktanteile (%),Quote di mercato (%),Cuotas de mercado (%)
Hectares (k ha),Surface (k ha),Surface (k ha),Fläche (k ha),Area (k ha),Hectáreas (k ha)
Rendements (T/ha),Rendements (T/ha),Yields (T/ha),Erträge (T/ha),Rese (T/ha),Superficie (T/ha)
Date de démarrage (Semaine),Date de démarrage (Semaine),Start date (Week),Startdatum (Woche),Data di inizio (settimana),Fecha de inicio (Semana)
Durée (Semaine),Durée (Semaine),Duration (Week),Dauer (Woche),Durata (settimana),Duración (Semana)
Paramètres,Paramètres,Parameters,Parameter,Parametri,Parámetros
Télécharger CSV,Télécharger CSV,Download CSV,CSV herunterladen,Scarica CSV,Descargar CSV
Télécharger PNG,Télécharger PNG,Download PNG,PNG herunterladen,Scarica PNG,Descargar PNG
Rétablir zoom par défaut,Rétablir zoom par défaut,Reset zoom,Zoom zurücksetzen,Azzeramento dello zoom,Restablecer zoom
Rotation cultures,Rotation cultures,Crop rotation,Fruchtfolge,Rotazione delle colture,Recortar rotación
Sélectionnez une plage temporelle sur le graphique pour zommer dessus,Sélectionnez une plage temporelle sur le graphique pour zommer dessus,Select time zone on chart to zoom in,"Wählen Sie die Zeitzone auf der Karte aus, um sie zu vergrößern",Selezionare il fuso orario sul grafico per ingrandirlo,Seleccionar zona horaria en el gráfico para ampliar
Tonnes (k T),Tonnes (k T),Tons (k T),Tonnen (k T),Tonnellate (k T),Toneladas (k T)
S,S,W,W,S,S
Double cliquer afin de fermer la zone facilement,Double cliquer afin de fermer la zone facilement,Double clic (or press Enter) for closing zone easier,Doppelklick (oder Enter drücken) zum leichteren Schließen der Zone,Fare doppio clic (o premere Invio) per chiudere più facilmente la zona,Haz doble clic (o pulsa Intro) para cerrar la zona más fácilmente
Communes,Communes,Municipalities,Gemeinden,Comuni,Municipios
Mode sombre,Mode sombre,Dark mode,Dunkler Modus,Modalità scura,Modo oscuro
Localités,Localités,Localities,Orte,Località,Localidades
Parts de marché géographiques,Parts de marché géographiques,Geographical market shares,Geografische Marktanteile,Quote di mercato geografiche,Cuotas de mercado geográficas
Silo,Silo,Silo,Silo,Silo,Silo
Mes silos,Mes silos,My silos,Meine Silos,I miei silos,Mis silos
Silos concurrents,Silos concurrents,Competitor silos,Konkurrenzsilos,Silos di concorrenti,Silos de la competencia
Nombre d'hectares,Nombre d'hectares,Surface area,Fläche,Superficie,Superficie
Nombre de silos,Nombre de silos,Silos number,Silonummer,Numero di silos,Número de silos
Répartition des parts de marché,Répartition des parts de marché,Market shares distribution,Verteilung der Marktanteile,Distribuzione delle quote di mercato,Distribución de las cuotas de mercado
Hors de portée,Hors de portée,Out of reach,Unerreichbar,Fuori portata,Fuera de alcance
Les parcelles à plus de 40 km ou 60 min de transport d'un silo sont considérées comme hors de portée,Les parcelles à plus de 40 km ou 60 min de transport d'un silo sont considérées comme hors de portée,Parcels located at more than 40 km or 60 min transport time of a silo are considered out of reach,"Pakete, die mehr als 40 km oder 60 Minuten Transportzeit von einem Silo entfernt sind, gelten als unerreichbar",I pacchi situati a più di 40 km o 60 minuti di tempo di trasporto da un silo sono considerati fuori portata,Las parcelas situadas a más de 40 km o 60 min de tiempo de transporte de un silo se consideran fuera de alcance
Produit,Produit,Crop,Ernte,Colture,Cultivo
Inférieur à,Inférieur à,Less than,Weniger als,Meno di,Menos de
Entre,Entre,Between,Zwischen,Tra,Entre
Supérieur à,Supérieur à,More than,Mehr als,Più di,Más de
images,images,pictures,Bilder,immagini,fotos
dernière,dernière,last,zuletzt,ultimo,último
et,et,and,und,e,y
jours,jours,days,Tage,giorni,días
Carte Hyperplan,Carte Hyperplan,Hyperplan map type,Hyperplan-Kartentyp,Tipo di mappa Hyperplan,Tipo de mapa hiperplano
Carte satellite,Carte satellite,Satellite map type,Typ der Satellitenkarte,Tipo di mappa satellitare,Tipo de mapa satélite
Afficher,Afficher,Display,Anzeige,Display,Mostrar
Cacher,Cacher,Hide,Ausblenden,Nascondi,Ocultar
Confirmer,Confirmer,Confirm,Bestätigen,Conferma,Confirmar
Supprimer,Supprimer,Delete,Löschen,Elimina,Borrar
Voulez-vous vraiment supprimer cette zone,Voulez-vous vraiment supprimer cette zone,Are you sure you want to delete this area?,"Sind Sie sicher, dass Sie diesen Bereich löschen wollen?",È sicuro di voler cancellare quest'area?,¿Estás seguro de que quieres borrar esta zona?
Années,Années,Years,Jahre,Anni,Años
Historique des données,Historique des données,Data history,Datengeschichte,Storia dei dati,Historial de datos
Maturité,Maturité,Maturity,Reife,Maturità,Madurez
Assolement,Assolement,Crop rotation,Fruchtfolge,Rotazione delle colture,Rotación de cultivos
Rotations,Rotations,Rotations,Rotationen,Rotazioni,Rotaciones
Evolution,Evolution,Evolution,Entwicklung,Evoluzione,Evolución
Recolte,Recolte,Harvest,Ernte,Raccolta,Cosecha
NDVI,NDVI,NDVI,NDVI,NDVI,NDVI
Températures cumulées (°C),Températures cumulées (°C),Accumulated temperatures (°C),Kumulierte Temperaturen (°C),Temperature accumulate (°C),Temperaturas acumuladas (°C)
Précipitations cumulées (mm),Précipitations cumulées (mm),Accumalated rainfall (mm),Kumulierte Niederschlagsmenge (mm),Precipitazioni accumulate (mm),Precipitaciones acumuladas (mm)
Produits,Produits,Products,Produkte,Prodotti,Productos
Auj.,Auj.,Today,Heute,Oggi,Hoy
Satellite,Satellite,Satellite,Satellit,Satellite,Satélite
Début du cumul,Début du cumul,Reference week,Referenzwoche,Settimana di riferimento,Semana de referencia
Votre sélection comporte,Votre sélection comporte,Your selection has,Ihre Auswahl hat,La vostra selezione ha,Tu selección tiene
Sauvegarder votre sélection multiple,Sauvegarder votre sélection multiple,Save your multiple selection,Speichern Sie Ihre Mehrfachauswahl,Salva la tua selezione multipla,Guarda tu selección múltiple
Veuillez nommer cette nouvelle zone personalisée avant de la créer,Veuillez nommer cette nouvelle zone personalisée avant de la créer,Please name your new custom zoning before to create it,"Bitte benennen Sie Ihre neue benutzerdefinierte Zone, bevor Sie sie erstellen",Si prega di dare un nome alla nuova zonizzazione personalizzata prima di crearla,"Por favor, asigna un nombre a tu nueva zonificación personalizada antes de crearla"
"Pour enregistrer votre sélection comme zone personnalisée, cliquez sur le bouton sauvegarder","Pour enregistrer votre sélection comme zone personnalisée, cliquez sur le bouton sauvegarder","To save your selection as custom zoning, click on save button",Speichern,"Per salvare la selezione come zonizzazione personalizzata, fare clic sul pulsante Salva","Para guardar tu selección como zonificación personalizada, haz clic en el botón Guardar"
zones,zones,zones,Zonen,zone,zonas
Maintenez la touche,Maintenez la touche,Hold,Halten,Hold,Mantén pulsado
afin d'effectuer une sélection multiple,afin d'effectuer une sélection multiple,to make a multiple selection,eine Mehrfachauswahl treffen,per effettuare una selezione multipla,para hacer una selección múltiple
Type de données,Type de données,Data type,Datentyp,Tipo di dati,Tipo de datos
Recherche de parcelles,Recherche de parcelles,Parcel search,Paketsuche,Ricerca pacchi,Búsqueda de parcelas
Périmètre géographique,Périmètre géographique,Geographical boundaries,Geografische Grenzen,Confini geografici,Límites geográficos
Statut des cultures,Statut des cultures,Crop status,Status der Ernte,Stato delle colture,Estado del cultivo
Récolte,Récolte,Crop,Ernte,Colture,Cultivo
Après le,Après le,After,Nach,Dopo,Después de
Avant le,Avant le,Before,Vorher,Prima,Antes
Résultats,Résultats,Results,Ergebnisse,Risultati,Resultados
parcelles,parcelles,parcels,Pakete,parcelle,parcelas
hectares,hectares,hectares,Hektar,ettari,hectáreas
Générer une nouvelle carte,Générer une nouvelle carte,Generate new map,Neue Karte generieren,Genera nuova mappa,Generar nuevo mapa
Statut,Statut,Status,Status,Stato,Estado
Surface,Surface,Area,Gebiet,Area,Superficie
Surface minimum,Surface minimum,Minimum area,Mindestfläche,Area minima,Superficie mínima
Surface maximum,Surface maximum,Maximum area,Maximale Fläche,Area massima,Superficie máxima
Reste à,Reste à,Remaining to,Bleibt bis,Restante a,Restante hasta
%,%,%,%,%,%
Scénario prévisionnel récolte,Scénario prévisionnel récolte,Harvest forecast scenario,Erntevorhersage,Scenario di previsione del raccolto,Escenario de previsión de cosecha
Tableau prévisionnel récolte,Tableau prévisionnel récolte,Harvest forecast table,Erntevorhersage,Tabella di previsione del raccolto,Tabla de previsión de cosecha
Quantité (T),Quantité (T),Quantity (T),Menge (T),Quantità (T),Cantidad (T)
Rendement (T/ha),Rendement (T/ha),Yield (T/ha),Ertrag (T/ha),Resa (T/ha),Rendimiento (T/ha)
Hectares (k ha),Hectares (k ha),Hectares (k ha),Hektar (k ha),Ettari (k ha),Hectáreas (k ha)
Relative,Relative,Relative,Relativ,Relativo,Relativo
Absolue,Absolue,Absolute,Absolut,Assoluto,Absoluta
Donnée,Donnée,Data,Daten,Dati,Datos
Moyenne,Moyenne,Average,Durchschnitt,Media,Media
Date de fin,Date de fin,End date,Enddatum,Data di fine,Fecha final
Date de début,Date de début,Start date,Startdatum,Data di inizio,Fecha de inicio
Cumul de températures,Cumul de températures,Accumulated temperatures,Kumulierte Temperaturen,Temperature accumulate,Temperaturas acumuladas
Cumul de précipitations,Cumul de précipitations,Accumulated rainfall,Kumulierte Niederschläge,Piogge accumulate,Precipitaciones acumuladas
Profil,Profil,Profile,Profil,Profilo,Perfil
Comparaison,Comparaison,Comparison,Vergleich,Confronto,Comparación
Histogramme,Histogramme,Bar chart,Balkendiagramm,Grafico a barre,Gráfico de barras
Aires empilées,Aires empilées,Stacked area chart,Gestapeltes Flächendiagramm,Grafico ad area impilata,Gráfico de áreas apiladas
Courbe,Courbe,Line chart,Liniendiagramm,Grafico a linee,Gráfico de líneas
Cumul,Cumul,Accumulation,Kumulierung,Accumulazione,Acumulación
Méthode de calcul : température moyenne - 6°C,Méthode de calcul : température moyenne - 6°C,Calculation method : average temperature - 6°C,Berechnungsmethode: Durchschnittstemperatur - 6°C,Metodo di calcolo: temperatura media - 6°C,Método de cálculo : temperatura media - 6°C
Valeurs minimales 0°C et valeurs maximales 30°C,Valeurs minimales 0°C et valeurs maximales 30°C,Minimum value 0°C and maximum value 30°C,Mindestwert 0°C und Höchstwert 30°C,Valore minimo 0°C e valore massimo 30°C,Valor mínimo 0°C y valor máximo 30°C
Année d'étude,Année d'étude,Focus year,Schwerpunktjahr,Anno di fuoco,Año de referencia
Année de référence,Année de référence,Reference year,Bezugsjahr,Anno di riferimento,Año de referencia
Indice de végétation normalisé (maximum NDVI),Indice de végétation normalisé (maximum NDVI),Maximum NDVI,Maximaler NDVI,NDVI massimo,NDVI máximo
Maximum NDVI,Maximum NDVI,Maximum NDVI,Maximaler NDVI,NDVI massimo,NDVI máximo
Pourcentage,Pourcentage,Percentage,Prozentsatz,Percentuale,Porcentaje
Hectares,Hectares,Hectares,Hektar,Ettari,Hectáreas
Ecart de maturité,Ecart de maturité,Maturity gap,Reifungslücke,Divario di maturità,Brecha de madurez
Utilisateur modifié avec succès,Utilisateur modifié avec succès,User successfully modified,Benutzer erfolgreich geändert,Utente modificato con successo,Usuario modificado correctamente
Utilisateur créé avec succès,Utilisateur créé avec succès,User successfully created,Benutzer erfolgreich erstellt,Utente creato con successo,Usuario creado correctamente
Utilisateur supprimé avec succès,Utilisateur supprimé avec succès,User successfully deleted,Benutzer erfolgreich gelöscht,Utente cancellato con successo,Usuario eliminado con éxito
Zone créée avec succès,Zone créée avec succès,Zone successfully created,Zone erfolgreich erstellt,Zona creata con successo,Zona creada con éxito
Zone modifiée avec succès,Zone modifiée avec succès,Zone successfully modified,Zone erfolgreich modifiziert,Zona modificata con successo,Zona modificada con éxito
Zone supprimée avec succès,Zone supprimée avec succès,Zone successfully deleted,Zone erfolgreich gelöscht,Zona eliminata con successo,Zona eliminada correctamente
Préférences modifiées avec succès,Préférences modifiées avec succès,Preferences successfully modified,Vorlieben erfolgreich geändert,Preferenze modificate con successo,Preferencias modificadas correctamente
Un nouveau mot de passe vous a été envoyé par email,Un nouveau mot de passe vous a été envoyé par email,A new password has been sent by email,Ein neues Passwort wurde per E-Mail verschickt,Una nuova password è stata inviata via e-mail,Se ha enviado una nueva contraseña por correo electrónico
Profil modifié avec succès,Profil modifié avec succès,Profile successfully modified,Profil erfolgreich modifiziert,Profilo modificato con successo,Perfil modificado correctamente
Données modifiées avec succès,Données modifiées avec succès,Data successfully modified,Daten erfolgreich geändert,Dati modificati con successo,Datos modificados correctamente
Données réinitialisées avec succès,Données réinitialisées avec succès,Data successfully reset,Daten erfolgreich zurückgesetzt,Dati azzerati con successo,Datos restablecidos correctamente
Masquer,Masquer,Hide,Ausblenden,Nascondi,Ocultar
Répartition,Répartition,Distribution,Verteilung,Distribuzione,Distribución
Identifiant parcelle,Identifiant parcelle,Parcel ID,Parzellen-ID,ID parcella,ID de parcela
Probabilités de rotation calculées sur la base des données des 3 années précédentes,Probabilités de rotation calculées sur la base des données des 3 années précédentes,Crop rotation probabilities based on the past three years,Fruchtfolge-Wahrscheinlichkeiten auf der Grundlage der letzten drei Jahre,Probabilità di rotazione delle colture basate sugli ultimi tre anni,Probabilidades de rotación de cultivos basadas en los últimos tres años
Indicateurs,Indicateurs,Indicators,Indikatoren,Indicatori,Indicadores
Météorologie,Météorologie,Meteorology,Meteorologie,Meteorologia,Meteorología
Dernières images satellite,Dernières images satellite,Last satellite images,Letzte Satellitenbilder,Ultime immagini satellitari,Últimas imágenes de satélite
Dates des stades phénologiques,Dates des stades phénologiques,Phenologic stages dates,Daten der phänologischen Stadien,Date delle fasi fenologiche,Fechas de las fases fenológicas
Données météo,Données météo,Weather data,Wetterdaten,Dati meteo,Datos meteorológicos
Grêle,Grêle,Hail,Ave,Grandine,Granizo
Vents forts,Vents forts,Strong winds,Starke Winde,Venti forti,Vientos fuertes
Orage,Orage,Thunderstorm,Gewitter,Temporale,Tormenta eléctrica
Episodes de stress,Episodes de stress,Stress incidents,Stressbedingte Vorfälle,Incidenti di stress,Incidentes de estrés
de gel,de gel,of frost,von Frost,di gelo,de heladas
d'ensoleillement,d'ensoleillement,of sunshine,von Sonnenschein,di sole,de insolación
de températures cumulées,de températures cumulées,of accumulated temperatures,der akkumulierten Temperaturen,di temperature accumulate,de temperaturas acumuladas
de précipitations cumulées,de précipitations cumulées,of accumulated rainfall,der akkumulierten Niederschläge,di precipitazioni accumulate,de precipitaciones acumuladas
Températures cumulées,Températures cumulées,Températures cumulées,Kumulierte Températuren,Températures cumulées,Températures cumulées
Précipitations cumulées,Précipitations cumulées,Précipitations cumulées,Kumulierte Niederschläge,Precipitazioni cumulate,Precipitaciones acumuladas
RVI,RVI,RVI,RVI,RVI,RVI
°C,°C,°C,°C,°C,°C
mm,mm,mm,mm,mm,mm
au,au," to "," zu "," a "," a "
Modification des données,Modification des données,Data edition,Datenausgabe,Edizione dati,Edición de datos
Détails de la parcelle,Détails de la parcelle,Parcel details,Paketdetails,Dettagli pacco,Detalles del paquete
Statistiques d'utilisation,Statistiques d'utilisation,Data analytics,Datenanalytik,Analisi dei dati,Análisis de datos
Utilisateurs,Utilisateurs,Users,Benutzer,Utenti,Usuarios
Nombre de connexions par semaine,Nombre de connexions par semaine,Connections per week,Verbindungen pro Woche,Connessioni settimanali,Conexiones por semana
Nombre de connexions par utilisateur,Nombre de connexions par utilisateur,Connections per user,Verbindungen pro Benutzer,Connessioni per utente,Conexiones por usuario
Répartition des visites par page,Répartition des visites par page,Visits distribution per page,Verteilung der Besuche pro Seite,Distribuzione delle visite per pagina,Distribución de visitas por página
Nombre de pages consultées par visite,Nombre de pages consultées par visite,Average pages number per visit,Durchschnittliche Seitenzahl pro Besuch,Numero medio di pagine per visita,Número medio de páginas por visita
Nombre d'utilisateurs par jour,Nombre d'utilisateurs par jour,Average user number per day,Durchschnittliche Nutzerzahl pro Tag,Numero medio di utenti al giorno,Número medio de usuarios por día
Fréquence de connexion par utilisateur,Fréquence de connexion par utilisateur,User connection frequency,Häufigkeit der Benutzerverbindungen,Frequenza di connessione dell'utente,Frecuencia de conexiones por usuario
/ semaine,/ semaine,/ week,/ Woche,/ settimana,/ por semana
Durée moyenne d'une session,Durée moyenne d'une session,Average session duration,Durchschnittliche Sitzungsdauer,Durata media della sessione,Duración media de la sesión
min,min,min,min,min,min
Focus produit,Focus produit,Product focus,Produktschwerpunkt,Focus sul prodotto,Enfoque del producto
Tous produits confondus,Tous produits confondus,All products,Alle Produkte,Tutti i prodotti,Todos los productos
Informations à la parcelle,Informations à la parcelle,Parcel info,Paketinformationen,Info pacco,Información del paquete
Super administrateur,Super administrateur,Super administrator,Superadministrator,Super amministratore,Superadministrador
Organisation,Organisation,Organisation,Organisation,Organizzazione,Organización
Parcelle,Parcelle,Parcel,Parzelle,Parcella,Paquete
Exporter en CSV,Exporter en CSV,Export to CSV,In CSV exportieren,Esportazione in CSV,Exportar a CSV
Rechercher,Rechercher,Search,Suche,Ricerca,Buscar en
Secteurs,Secteurs,Sector,Sektor,Settore,Sector
Région Corteva,Région Corteva,Corteva region,Corteva-Region,Regione Corteva,Región Corteva
Zone pull,Zone pull,Pull zone,Zugzone,Zona di tiro,Zona de tiro
Secteur,Secteur,Sector,Sektor,Settore,Sector
Commune,Commune,Municipality,Gemeinde,Comune,Municipio
Hectares (ha),Hectares (ha),Area (ha),Fläche (ha),Area (ha),Superficie (ha)
Me géolocaliser,Me géolocaliser,Geolocate me,Geolokalisiere mich,Geolocalizzami,Geolocalízame
Visite en ferme,Visite en ferme,Farm visit,Besuch auf dem Bauernhof,Visita in fattoria,Visita a la explotación
ou,ou,or,oder,o,o
Géolocalisation,Géolocalisation,Geolocation,Geolokalisierung,Geolocalizzazione,Geolocalización
Irrigué,Irrigué,Irrigated,Bewässert,Irrigato,De regadío
Non-irrigué,Non-irrigué,Unirrigated,Unbewässert,Non irrigato,Sin regar
I3P,I3P,I3P,I3P,I3P,I3P
Stress hydrique,Stress hydrique,Water stress,Wasserstress,Stress idrico,Estrés hídrico
Irrigation,Irrigation,Irrigation,Bewässerung,Irrigazione,Riego
Informations de la parcelle modifiées avec succès,Informations de la parcelle modifiées avec succès,Parcel info successfully modified,Parzelleninfo erfolgreich geändert,Parcel info successfully modified,Información de la parcela modificada correctamente
Informations de la parcelle validées avec succès,Informations de la parcelle validées avec succès,Parcel info successfully validated,Paketinfo erfolgreich validiert,Informazioni sul pacco convalidate con successo,Información de la parcela validada correctamente
Faible,Faible,Low,Niedrig,Basso,Bajo
Moyen,Moyen,Moderate,Mäßig,Moderato,Moderado
Elevé,Elevé,High,Hoch,Alto,Alto
Oui,Oui,Yes,Ja,Sì,Sí
Non,Non,No,Nein,No,No
Sable,Sable,Sand,Sand,Sabbia,Arena
Sable limoneux,Sable limoneux,Loamy sand,Lehmiger Sand,Sabbia limosa,Arena limosa
Limon sableux,Limon sableux,Sandy loam,Sandiger Lehm,Terreno sabbioso,Franco arenoso
Limon fin,Limon fin,Silt,Schlick,Limo fine,Limo
Limon très fin,Limon très fin,Silty loam,Schluffiger Lehm,Limo molto fine,Franco limoso
Limon,Limon,Loam,Lehm,Limo,Marga
Limon argileux fin,Limon argileux fin,Silty clay loam,"Schluffiger Tonlehm,",Limo argilloso,Franco arcilloso limoso
Limon argileux,Limon argileux,Clay loam,Lehmboden,Terreno argilloso,Franco arcilloso
Limon argilo-sableux,Limon argilo-sableux,Sandy clay loam,Sandiger lehmiger Lehm,Terreno argilloso sabbioso,Franco arcilloso arenoso
Argile sableuse,Argile sableuse,Sandy clay,Sandiger Lehm,Argilla sabbiosa,Arcillo arenoso
Argile limoneuse,Argile limoneuse,Silty clay,Schluffiger Ton,Argilla limacciosa,Arcilla limosa
Argile,Argile,Clay,Lehm,Argilla,Arcilla
Texture du sol,Texture du sol,Soil texture,Bodenbeschaffenheit,Struttura del suolo,Textura del suelo
Modéré,Modéré,Moderate,Mäßig,Moderato,Moderada
Élevé,Élevé,Raised,Aufgezogen,Sollevato,Elevado
Indisponible,Indisponible,Unavailable,Nicht verfügbar,Non disponibile,No disponible
Tout sélectionner,Tout sélectionner,Select all,Alle auswählen,Seleziona tutto,Seleccionar todo
Aucune donnée disponible pour cette année,Aucune donnée disponible pour cette année,No data available for this year,Für dieses Jahr sind keine Daten verfügbar,Non ci sono dati disponibili per quest'anno,No hay datos disponibles para este año
Vous pouvez également rechercher des coordonnées (ex: 48.86;2.33) ou un identifiant de parcelle (ex: [120]),Vous pouvez également rechercher des coordonnées (ex: 48.86;2.33) ou un identifiant de parcelle (ex: [120]),You can also search for coordinates (ex: 48.86;2.33) or parcel id (ex: [120]),Sie können auch nach Koordinaten (z.B.: 48.86;2.33) oder einer Parzellenkennung (z.B.: [120]) suchen.,"È anche possibile cercare le coordinate (ad esempio, 48.86;2.33) o un identificatore di parcella (ad esempio, [120]).",También puedes buscar por coordenadas (ej: 48.86;2.33) o id de parcela (ej: [120])
Intervalle NDVI,Intervalle NDVI,NDVI range,NDVI-Bereich,Gamma NDVI,Rango NDVI
R,R,C,E,R,C
Changé,Changé,Changed,Geändert,Modificato,Cambiado
Modifié,Modifié,Changed,Geändert,Modificato,Cambiado
Validé,Validé,Validated,Validiert,Convalidato,Validado
par,par,by,von,da,por
le,le,on,ein,on,en
Etiquettes,Etiquettes,Tags,Tags,Tag,Etiquetas
Informations supplémentaires,Informations supplémentaires,Additional data,Zusätzliche Daten,Dati aggiuntivi,Datos adicionales
Länder,Länder,Länder,Länder,Länder,Länder
Kreise,Kreise,Kreise,Kreise,Kreise,Distrito
Ämter und Gemeinden,Ämter und Gemeinden,Ämter und Gemeinden,Ämter und Gemeinden,Ämter und Gemeinden,Miembros y Municipios
"Attention, ce changement de statut rendra inactif cet utilisateur","Attention, ce changement de statut rendra inactif cet utilisateur","Be careful, the status change will make this user inactive","Seien Sie vorsichtig, die Statusänderung macht diesen Benutzer inaktiv","Attenzione, il cambio di stato renderà questo utente inattivo","Cuidado, el cambio de estado hará que este usuario quede inactivo"
Actif,Actif,Active,Aktiv,Attivo,Activo
Inactif,Inactif,Disable,Deaktivieren,Disattivare,Desactivar
Subdivisions administratives,Subdivisions administratives,Administrative subdivisions,Administrative Unterteilungen,Sottodivisioni amministrative,Subdivisiones administrativas
Cette parcelle ne fait pas partie de votre zone géographique,Cette parcelle ne fait pas partie de votre zone géographique,This parcel is not in your geographical perimeter,Dieses Grundstück gehört nicht zu Ihrem geografischen Gebiet,Questa parcella non fa parte della vostra area geografica,Esta parcela no forma parte de su zona geográfica
Envoyez-nous un mail à,Envoyez-nous un mail à,Send us an email at,Schicken Sie uns eine E-Mail an,Inviateci un'e-mail a,Envíenos un correo electrónico a
si vous souhaitez la faire évoluer,si vous souhaitez la faire évoluer,if you want to update it,ob Sie sie weiterentwickeln möchten,se si desidera svilupparlo,si desea desarrollarlo
Nombre de silos concernés hors zone,Nombre de silos concernés hors zone,Number of affected silos outside the zone,Anzahl der betroffenen Silos außerhalb der Zone,Numero di sili interessati al di fuori della zona,Número de silos afectados fuera de la zona
Nombre de silos concernés dans la zone,Nombre de silos concernés dans la zone,Number of silos involved in the zone,Anzahl der betroffenen Silos in der Zone,Numero di sili coinvolti nella zona,Número de silos afectados en la zona
Pays,Pays,Countries,Länder,Paesi,Países
Actifs,Actifs,Actives,Aktive,Attivi,Activos
Prévisionnel de collecte,Prévisionnel de collecte,Collect forecast,Prognose sammeln,Previsione di incasso,Recoger previsión
Rendement,Rendement,Yield,Ausbeute,Rendimento,Rendimiento
Parts de marché,Parts de marché,Market share,Marktanteil,Quota di mercato,Cuota de mercado
Récolté,Récolté,Harvested,Geerntet,Raccolta,Cosechado
Tableau,Tableau,Table,Tabelle,Tabella,Tabla
Filtres,Filtres,Filters,Filter,Filtri,Filtros
Ajout d'un filtre,Ajout d'un filtre,Add a filter,Einen Filter hinzufügen,Aggiungere un filtro,Añadir un filtro
Type de donnée,Type de donnée,Data type,Datentyp,Tipo di dati,Tipo de datos
Aucun élément ne répond aux filtres sélectionnés,Aucun élément ne répond aux filtres sélectionnés,No element meets the selected filters,Kein Element entspricht den ausgewählten Filtern,Nessun elemento soddisfa i filtri selezionati,Ningún elemento cumple los filtros seleccionados
Maille géographique,Maille géographique,Geographic Grid,Geografisches Raster,Griglia geografica,Cuadrícula geográfica
Ajout d'une colonne,Ajout d'une colonne,Add a column,Hinzufügen einer Spalte,Aggiungere una colonna,Añadir una columna
Caractéristique parcelle,Caractéristique parcelle,Parcel characteristics,Merkmal Parzelle,Trama caratteristica,Característica de parcela
Merci de rajouter un filtre géographique pour affiner votre requête,Merci de rajouter un filtre géographique pour affiner votre requête,Please add a geographical filter to refine your query,"Bitte fügen Sie einen geografischen Filter hinzu, um Ihre Abfrage zu verfeinern",Si prega di aggiungere un filtro geografico per affinare la query,"Por favor, añada un filtro geográfico para refinar su consulta"
Merci de rajouter un filtre pour préciser les cultures d'intérêt,Merci de rajouter un filtre pour préciser les cultures d'intérêt,Please add a filter to specify the crops of interest,"Bitte fügen Sie einen Filter hinzu, um die Kulturen von Interesse zu spezifizieren",Aggiungere un filtro per specificare le colture di interesse,"Por favor, añada un filtro para especificar los cultivos de interés"
Irriguée,Irriguée,Irrigated,Bewässert,Irrigato,De regadío
Non irriguée,Non irriguée,Unirrigated,Unbewässert,Non irrigato,Sin regar
Géographique,Géographique,Geographic,Geografischer,Geografico,Geográfico
valeurs,valeurs,values,Werte,valori,valores
Valeur initiale,Valeur initiale,Initial value,Ursprünglicher Wert,Valore iniziale,Valor inicial
Cartographie,Cartographie,Map,Kartografie,Mappatura,Cartografía
Vue,Vue,View,Ansicht,Vista,Ver
Calques,Calques,Layers,Ebenen,Livelli,Capas
Aucun,Aucun,No,Keine,No,No
Suivi de campagne,Suivi de campagne,Campaign follow-up,Verfolgung von Kampagnen,Seguito della campagna,Seguimiento de campaña
Répartition assolement,Répartition assolement,Crop rotation distribution,Verteilung der Fruchtfolge,Distribuzione delle colture,Reparto de cultivos
Evolution assolement,Evolution assolement n-1,Crop rotation evolution n-1,Entwicklung der Fruchtfolge n-1,Evoluzione delle colture n-1,Evolución de cultivos n-1
Volume,Volume,Volume,Volumen,Volume,Volumen
Ecarts de maturité,Ecarts de maturité,Maturity differences,Unterschiede bei der Reife,Differenze di maturità,Diferencias de madurez
Avancement cultural (%),Avancement cultural (%),Crop progress (%),Kulturfortschritt (%),Progresso delle colture (%),Progreso del cultivo (%)
Avancement cultural (ha),Avancement cultural (ha),Crop progress (ha),Kulturfortschritt (ha),Avanzamento delle colture (ha),Progreso del cultivo (ha)
Météo,Météo,Weather,Wetter,Tempo atmosferico,Tiempo
Total cultures,Total cultures,Total crops,Gesamt Anbau,Totale colture,Total cultivos
Aucun filtre selectionné,Aucun filtre selectionné,No filter selected,Kein Filter ausgewählt,Nessun filtro selezionato,Ningún filtro seleccionado
Rechercher des parcelles,Rechercher des parcelles,Search for plots,Parzellen suchen,Ricerca di appezzamenti,Buscar parcelas
Bienvenue !,Bienvenue !,Welcome!,Willkommen!,Benvenuti!,¡Bienvenido!
Tonnes (T),Tonnes (T),Tonnes (T),Tonnen (T),Tonnellate (T),Toneladas (T)
Caractéristique,Caractéristique,Features,Merkmal,Caratteristiche,Características
Valeur,Valeur,Value,Wert,Valore,Valor
Prévision de récolte,Prévision de récolte,Harvest forecast,Erntevorhersage,Previsioni di raccolto,Previsión de cosecha
Semis,Semis,Sowing,Aussaat,Semina,Siembra
Culture installée,Culture installée,Crop set up,Angebaute Kultur,Coltura installata,Cultivo instalado
Epiaison/Floraison,Epiaison/Floraison,Heading/Flowering,Ährenschieben/Blütezeit,Epifania/Fioritura,Epílogo/Floración
Maturité physiologique,Maturité physiologique,Physiological maturity,Physiologische Reife,Maturità fisiologica,Madurez fisiológica
Maturité de récolte,Maturité de récolte,Harvest maturity,Reife bei der Ernte,Maturità del raccolto,Madurez de cosecha
Maturité ensilage,Maturité ensilage,Maize silaging maturity,Reifezeit Silage,Maturità dell'insilato,Madurez de ensilado
Maturité maïs grain,Maturité maïs grain,Corn maturity,Reife Körnermais,Maturità del mais da granella,Madurez del maíz en grano
Chute NDVI,Chute NDVI,NDVI falloff,NDVI-Abfall,Caduta NDVI,Caída del NDVI
Récolte,Récolte,Harvest,Ernte,Raccolto,Cosecha
Montée NDVI,Montée NDVI,NDVI rising,Anstieg NDVI,Aumento NDVI,Aumento del NDVI
Saturation NDVI,Saturation NDVI,NDVI saturation,Sättigung NDVI,Saturazione NDVI,Saturación NDVI
Début de sénescence,Début de sénescence,Senescence start,Beginn Seneszenz,Inizio della senescenza,Comienzo de la senescencia
Fin de sénescence,Fin de sénescence,Senescence end,Ende der Seneszenz,Fine della senescenza,Fin de la senescencia
En cours,En cours,In progress,In Arbeit,In corso,En curso
Latitude,Latitude,Latitude,Breitengrad,Latitudine,Latitud
Longitude,Longitude,Longitude,Längengrad,Longitudine,Longitud
Code postal,Code postal,Postcode,Postleitzahl,Codice postale,Código postal
Année,Année,Year,Jahr,Anno,Año
Probabilité,Probabilité,Probability,Wahrscheinlichkeit,Probabilità,Probabilidad
Dernières mises à jour,Dernières mises à jour,Latest updates,Letzte Aktualisierungen,Ultimi aggiornamenti,Últimas actualizaciones
Maintenance,Maintenance,Maintenance,Wartungen,Manutenzione,Mantenimiento
Rafraichir la page,Rafraichir la page,Refresh page,Seite aktualisieren,Aggiorna la pagina,Actualizar página
Hyperplan est en maintenance !,Hyperplan est en maintenance !,Hyperplan is undergoing maintenance!,Hyperplan befindet sich in der Wartung!,Hyperplan è in fase di manutenzione!,Hyperplan está en mantenimiento.
Les opérations que nous menons ne devraient pas durer très longtemps et le site sera de nouveau accessible dans quelques dizaines de minutes.,Les opérations que nous menons ne devraient pas durer très longtemps et le site sera de nouveau accessible dans quelques dizaines de minutes.,The operations we are carrying out should not last very long and the site will be accessible again in a few minutes.,"Die Arbeiten, die wir durchführen, sollten nicht sehr lange dauern und die Seite wird in einigen Dutzend Minuten wieder erreichbar sein.",Le operazioni che stiamo effettuando non dovrebbero durare a lungo e il sito sarà nuovamente accessibile in pochi minuti.,Las operaciones que estamos llevando a cabo no deberían durar mucho y el sitio volverá a ser accesible en unos minutos.
Semaine courante,Semaine courante,Current week,Aktuelle Woche,Settimana corrente,Semana en curso
Parcellaire,Parcellaire,Land parcels,Parzellierung,Parcelle,Parcelas
Collecte,Collecte,Harvest,Sammeln,Raccolta,Recogida
Cliquez pour enregistrer votre sélection comme zone personnalisée,Cliquez pour enregistrer votre sélection comme zone personnalisée,Click to save your selection as a customised zone,"Klicken Sie, um Ihre Auswahl als benutzerdefiniertes Feld zu speichern.",Clicca per salvare la tua selezione come zona personalizzata,Haga clic para guardar su selección como zona personalizada
Récoltable,Récoltable,Harvestable,Erntbar,Raccoglibile,Cosechable
Zones personnalisées,Zones personnalisées,Custom zones,Benutzerdefinierte Felder,Zone personalizzate,Zonas personalizadas
Aucune zone personnalisée existante,Aucune zone personnalisée existante,No existing custom zones,Keine bestehenden benutzerdefinierten Bereiche.,Nessuna zona personalizzata esistente,No existen zonas personalizadas
Absolu,Absolu,Absolute,Absolut,Assoluto,Absoluto
Relatif,Relatif,Relative,Relativ,Relativo,Relativa
Valeur maximum,Valeur maximum,Maximum value,Maximaler Wert,Valore massimo,Valor máximo
Valeur minimum,Valeur minimum,Minimum value,Minimaler Wert,Valore minimo,Valor mínimo
Max. NDVI,Max. NDVI,Max. NDVI,Max. NDVI,Max. NDVI,Max. NDVI
Avancement,Avancement,Progress,Fortschritt,Progressi,Progreso
Date moyenne,Date moyenne,Average date,Durchschnittliches Datum,Data media,Fecha media
Ecart maturité,Ecart maturité,Maturity gap,Abweichung Reife,Scarto di maturità,Brecha de madurez
Stades de maturité,Stades de maturité,Maturity stages,Reifestadien,Stadi di maturità,Etapas de madurez
Stade de maturité,Stade de maturité,Maturity stage,Stadium der Reife,Fase di maturità,Grado de madurez
Indicateurs supplémentaires,Indicateurs supplémentaires,Additional indicators,Zusätzliche Indikatoren,Indicatori aggiuntivi,Indicadores adicionales
Survolez les zones pour voir le détail des valeurs,Survolez les zones pour voir le détail des valeurs,Hover the areas to see detailed values,"Fahren Sie mit der Maus über die Felder, um die Werte im Detail zu sehen",Passare il mouse sulle aree per vedere i valori dettagliati,Pase el ratón por encima de las áreas para ver los valores detallados
Incertitudes importantes sur la détection de ce stade,Incertitudes importantes sur la détection de ce stade,Significant uncertainties regarding the detection of this stage,Große Unsicherheiten bei der Erkennung dieses Stadiums,Incertezze significative per quanto riguarda l'individuazione di questo stadio,Existen importantes incertidumbres en cuanto a la detección de esta etapa
Volume total,Volume total,Total volume,Gesamtvolumen,Volume totale,Volumen total
Part de marché pro forma,Part de marché pro format,Pro format market share,Marktanteil pro Format,Quota di mercato del formato Pro,Cuota de mercado del formato profesional
Volume,Volume,Volume,Volumen,Volume,Volumen
Rendement prévisionnel,Rendement prévisionnel,Forecast yield,Voraussichtlicher Ertrag,Previsione di rendimento,Rendimiento previsto
Flash marché,Flash marché,"""Flash"" market coverage",Flash Marktberichterstattung,"Copertura del mercato ""Flash""","Cobertura del mercado ""flash"""
Veuillez activer la géolocalisation via les paramètres de votre navigateur,Veuillez activer la géolocalisation via les paramètres de votre navigateur,Please activate geolocation via your browser settings,Bitte aktivieren Sie die Geolokalisierung über Ihre Browsereinstellungen.,Attivare la geolocalizzazione tramite le impostazioni del browser,"Por favor, activa la geolocalización a través de la configuración de tu navegador"
du,du,from,von,da,desde
Le champ doit comporter {v} caractères minimum,Le champ doit comporter {v} caractères minimum,,,,
Fin,Fin,End,Ende,Fine,Finalizar
"Pour accélérer le chargement des pages, réduisez vos cultures d'intérêt.","Pour accélérer le chargement des pages, réduisez vos cultures d'intérêt.","To speed up page loading, reduce your crops of interest.","Um das Laden der Seiten zu beschleunigen, verkleinern Sie Ihre Kulturen von Interesse.","Per velocizzare il caricamento della pagina, ridurre le colture di interesse.","Para acelerar la carga de la página, reduzca sus cultivos de interés."
Sélectionner la culture dont vous souhaitez voir les informations depuis le panneau latéral. Certains calques représentent les informations d'une seule culture. C'est le cas des calques de rendements ou d'assolement par exemple.,Sélectionner la culture dont vous souhaitez voir les informations depuis le panneau latéral. Certains calques représentent les informations d'une seule culture. C'est le cas des calques de rendements ou d'assolement par exemple.,"Select the crop whose information you wish to view from the side panel. Some layers represent information on a single crop. This is the case for yield or crop rotation layers, for example.","Wählen Sie die Kultur, deren Informationen Sie sehen möchten, aus der Seitenleiste aus. Einige Ebenen stellen die Informationen einer einzelnen Kultur dar. Dies ist zum Beispiel bei Ertrags- oder Fruchtfolgeebenen der Fall.","Selezionare la coltura di cui si desidera visualizzare le informazioni dal pannello laterale. Alcuni livelli rappresentano informazioni per una singola coltura. È il caso, ad esempio, dei livelli relativi alla resa o alla rotazione delle colture.","Seleccione el cultivo cuya información desea ver en el panel lateral. Algunas capas representan información para un solo cultivo. Es el caso de las capas de rendimiento o rotación de cultivos, por ejemplo."
Ouvrez le moteur de recherche des parcelles pour rechercher une parcelle sur la base de critères définis !,Ouvrez le moteur de recherche des parcelles pour rechercher une parcelle sur la base de critères définis !,Open the parcel search engine to find a plot based on defined criteria!,"Öffnen Sie die Parzellensuche, um anhand festgelegter Kriterien nach einer Parzelle zu suchen!",Aprire il motore di ricerca degli appezzamenti per trovare un appezzamento in base a criteri definiti!,Abra el buscador de parcelas para encontrar una parcela en función de los criterios definidos.
"Dans le module cartographie, exportez les cartes en .png (image) !","Dans le module cartographie, exportez les cartes en .png (image) !","In the map module, export maps as .png images!",Exportieren Sie im Modul Kartografie die Karten als .png (Bild)!,"Nel modulo cartografico, esportare le mappe come immagini .png!","En el módulo cartográfico, exporte los mapas como imágenes .png."
"Dans le module cartographie, exportez les informations affichées sur la carte en format .csv !","Dans le module cartographie, exportez les informations affichées sur la carte en format .csv !","In the map module, export information displayed on the map in .csv format!",Exportieren Sie im Modul Kartografie die auf der Karte angezeigten Informationen im .csv-Format!,"Nel modulo cartografico, esportare le informazioni visualizzate sulla mappa in formato .csv!","En el módulo cartográfico, exporte la información mostrada en el mapa en formato .csv."
Exportez le prévisionnel de collecte en fichier .csv !,Exportez le prévisionnel de collecte en fichier .csv !,Export collect forecasts as .csv files!,Exportieren Sie den Sammelvoranschlag als .csv-Datei!,Esportare le previsioni di raccolta in un file .csv!,Exporte la previsión de recogida en formato .csv.
Sélectionnez une année dans le header pour consulter les informations liées à cette campagne.,Sélectionnez une année dans le header pour consulter les informations liées à cette campagne.,Select a year in the header to view information on that campaign.,"Wählen Sie im Header ein Jahr aus, um die mit dieser Kampagne verbundenen Informationen einzusehen.",Selezionate un anno nell'intestazione per visualizzare le informazioni relative a quella campagna.,Seleccione un año en la cabecera para ver la información de esa campaña.
Accédez au prévisionnel de collecte sous forme de graphique en changeant le mode de vue.,Accédez au prévisionnel de collecte sous forme de graphique en changeant le mode de vue.,Access the collect forecast in graphical form by changing the view mode.,"Greifen Sie auf die Sammelvorschau in Form einer Grafik zu, indem Sie den Ansichtsmodus ändern.",Accedere alle previsioni di raccolta in forma grafica cambiando la modalità di visualizzazione.,Acceda a la previsión de recogida en forma gráfica cambiando el modo de visualización.
Comparez les informations de plusieurs zones géographiques dans le module d'historique de données !,Comparez les informations de plusieurs zones géographiques dans le module d'historique de données !,Compare information from several geographical zones in the data history module!,Vergleichen Sie Informationen aus mehreren geografischen Gebieten im Datenverlaufsmodul!,Confrontate i dati di diverse aree geografiche nel modulo della cronologia dei dati!,Compare los datos de varias zonas geográficas en el módulo de historial de datos.
Cliquez sur la petite loupe dans la barre d'outils pour modifier les critères de recherches de parcelles !,Cliquez sur la petite loupe dans la barre d'outils pour modifier les critères de recherches de parcelles !,Click on the small magnifying glass in the toolbar to modify plot search criteria!,"Klicken Sie auf die kleine Lupe in der Symbolleiste, um die Suchkriterien für Parzellen zu ändern!",Fare clic sulla piccola lente di ingrandimento nella barra degli strumenti per modificare i criteri di ricerca dei grafici!,Haga clic en la pequeña lupa de la barra de herramientas para cambiar los criterios de búsqueda de parcelas.
Le saviez-vous ?,Le saviez-vous ?,Did you know?,Wussten Sie schon?,Lo sapevate?,¿Sabías que...?
Chargement des données de l'application,Chargement des données de l'application,Loading application data,Laden von Daten aus der Anwendung,Caricamento dei dati dall'applicazione,Carga de datos desde la aplicación
